Headlines,City,Country,Country_Code,latitude,longitude
Zika Outbreak Hits Miami,Miami,,US,25.77427,-80.19366
Could Zika Reach New York City?,New York City,,US,40.71427,-74.00597
First Case of Zika in Miami Beach,Miami Beach,,US,25.79065,-80.13005
"Mystery Virus Spreads in Recife, Brazil",Recife,Brazil,BR,-8.05389,-34.88111
Dallas man comes down with case of Zika,Dallas,,US,32.78306,-96.80667
Trinidad confirms first Zika case,Trinidad,,BO,-14.83333,-64.9
Zika Concerns are Spreading in Houston,Houston,,US,29.76328,-95.36327
Geneve Scientists Battle to Find Cure,Geneve,,CH,46.20222,6.14569
The CDC in Atlanta is Growing Worried,Atlanta,,US,33.749,-84.38798
Zika Infested Monkeys in Sao Paulo,Sao Paulo,,BR,-23.5475,-46.63611
Brownsville teen contracts Zika virus,Brownsville,,US,25.90175,-97.49748
Mosquito control efforts in St. Louis take new tactics with Zika threat,St. Louis,,US,38.62727,-90.19789
San Juan reports 1st U.S. Zika-related death amid outbreak,San Juan,,PR,18.46633,-66.10572
"Flu outbreak in Galveston, Texas",Galveston,,US,29.30135,-94.7977
Zika alert – Manila now threatened,Manila,,PH,14.6042,120.9822
Zika afflicts 7 in Iloilo City,Iloilo,,PH,10.69694,122.56444
New Los Angeles Hairstyle goes Viral,Los Angeles,,US,34.05223,-118.24368
Orlando volunteers aid Zika research,Orlando,,US,28.53834,-81.37924
Chicago's First Zika Case Confirmed,Chicago,,US,41.85003,-87.65005
Tampa Bay Area Zika Case Count Climbs,Tampa,,US,27.94752,-82.45843
"Bad Water Leads to Sickness in Flint, Michigan",Flint,,US,43.01253,-83.68746
Baltimore plans for Zika virus,Baltimore,,US,39.29038,-76.61219
London Health Unit Tracks Mad Cow Disease,London,,GB,51.50853,-0.12574
Zika cases in Vietnam's Ho Chi Minh City surge,Ho Chi Minh City,Vietnam,VN,10.82302,106.62965
Philadelphia experts track pandemic,Philadelphia,,US,39.95238,-75.16362
Flu season hits Boston,Boston,,US,42.35843,-71.05977
Scientists in Paris to look for answers,Paris,,FR,48.85341,2.3488
Key Zika Findings in San Diego Institute,San Diego,,US,32.71571,-117.16472
Thailand-Zika Virus in Bangkok,Bangkok,Thailand,TH,13.75398,100.50144
Beijing team cracks Zika secret,Beijing,,CN,39.9075,116.39723
Zika spreading to Salvador,Salvador,,BR,-12.97563,-38.49096
Kuala Lumpur is Hit By Zika Threat,Kuala Lumpur,,MY,3.1412,101.68653
First Zika case confirmed in Yangon,Yangon,,MM,16.80528,96.15611
Tallahassee Doctors Discuss Zika Virus,Tallahassee,,US,30.43826,-84.28073
Zika Virus Reaches San Francisco,San Francisco,,US,37.77493,-122.41942
New Vaccine on Trial in Bethesda District,Bethesda,,US,38.98067,-77.10026
Townsville Zika tests inconclusive,Townsville,,AU,-19.26639,146.80569
Mandaluyong City under Siege by Virus,Mandaluyong City,,PH,14.5832,121.0409
Hepatitis E re-emerges in Santa Rosa,Santa Rosa,,PH,14.31222,121.11139
Zika worries in San Salvador,San Salvador,,SV,13.68935,-89.18718
Zika virus reported in Cleveland,Cleveland,,US,41.4995,-81.69541
More Zika patients reported in Austin,Austin,,US,30.26715,-97.74306
"Zika outbreak in Piracicaba, Brazil",Piracicaba,Brazil,BR,-22.72528,-47.64917
Lima tries to address Zika Concerns,Lima,,PE,-12.04318,-77.02824
More people in Toronto are infected with Hepatitis E every year,Toronto,,CA,43.70011,-79.4163
18 new Zika Cases in Bogota,Bogota,,CO,4.60971,-74.08175
Brisbane is infested with Meningitis,Brisbane,,AU,-27.46794,153.02809
Cholera outbreak in Dakar,Dakar,,SN,14.6937,-17.44406
Zika Virus Transmission Detected in Havana,Havana,,CU,23.13302,-82.38304
Zika symtomps spotted in Key West,Key West,,US,24.55524,-81.78163
Case of Measles Reported in Vancouver,Vancouver,,CA,49.24966,-123.11934
Nashville takes precautions against Zika,Nashville,,US,36.16589,-86.78444
Saint Croix under Zika threat,Saint Croix,,VI,17.72751,-64.74698
Fort Collins Encounters Severe Symptoms of Gonorrhea,Fort Collins,,US,40.58526,-105.08442
"Zika surfaces in Klang, Malaysia",Klang,Malaysia,MY,3.03667,101.44333
Rumors about Meningitis spreading in Guatemala City have been refuted,Guatemala City,Guatemala,GT,14.64072,-90.51327
New Zika Case Confirmed in Sarasota County,Sarasota,,US,27.33643,-82.53065
Lower Hospitalization in Entebbe after Rabies Vaccine becomes Mandatory,Entebbe,,UG,0.05621,32.47949
Second Zika Paitient in Brasilia,Brasilia,,BR,-15.77972,-47.92972
Jacksonville man hit by Zika,Jacksonville,,US,30.33218,-81.65565
Schools in Shenzhen Closed Due to Malaria Outbreak,Shenzhen,,CN,22.54554,114.0683
Caracas patient dies,Caracas,,VE,10.48801,-66.87919
More Quezon City Zika Transmissions,Quezon,,PH,7.73028,125.09889
Schools in Sydney Closed Due to Respiratory Syncytial Virus Outbreak,Sydney,,AU,-33.86785,151.20732
Mumbai's Health Minister warns of more Zika cases,Mumbai,,IN,19.07283,72.88261
Pune woman diagnosed with Zika,Pune,,IN,18.51957,73.85535
Hospitals in Hanoi fill up with Zika patients,Hanoi,,VN,21.0245,105.84117
Authorities are Worried about the Spread of Bronchitis in Silver Spring,Spring,,US,30.07994,-95.41716
Zika: Delhi for strict monitoring,Delhi,,IN,28.65195,77.23149
Hillsborough uses innovative trap against Zika 20 minutes ago,Hillsborough,,US,40.4776,-74.62682
Belize City under threat from Zika,Belize City,Belize,BZ,17.49952,-88.19756
"Student sick in Campinas, Brazil",Campinas,Brazil,BR,-22.90556,-47.06083
More Zika cases in Soyapango,Soyapango,,SV,13.71024,-89.13989
Authorities are Worried about the Spread of Mad Cow Disease in Rome,Rome,,IT,41.89193,12.51133
Seoul confirms 14th Zika infection,Seoul,,KR,37.566,126.9784
Hepatitis B Vaccine is now Required in Quebec,Quebec,,CA,46.81228,-71.21454
Zika outbreak spreads to Mexico City,Mexico,Mexico,PH,15.0646,120.7198
Rochester authorities confirmed the spread of Dengue,Rochester,,US,43.15478,-77.61556
El Paso fighting Zika,El Paso,,US,31.75872,-106.48693
Visitor to Cucuta contracts Zika,Cucuta,,CO,7.89391,-72.50782
Zika now spreading through Jakarta,Jakarta,,ID,-6.21462,106.84513
Salt Lake City tests new cure for Respiratory Syncytial Virus,Salt Lake City,,US,40.76078,-111.89105
Zika San Antonio Patient Speaks Out,San Antonio,,US,29.42412,-98.49363
Ebola outbreak in Kampala,Kampala,,UG,0.31628,32.58219
Precautionary Zika measures in Rockhampton,Rockhampton,,AU,-23.38032,150.50595
Zika arrives in Tegucigalpa,Tegucigalpa,,HN,14.0818,-87.20681
New Zika Case Confirmed in Belo Horizonte,Belo Horizonte,,BR,-19.92083,-43.93778
Case of Hepatitis E Reported in Melbourne,Melbourne,,AU,-37.814,144.96332
First Columbus Zika case,Columbus,,US,39.96118,-82.99879
New medicine wipes out Tuberculosis in Taipei,Taipei,,TW,25.04776,121.53185
"Zika Patient in Seminole, Florida",Florida,,CU,21.52536,-78.22579
Antipolo under threat from Zika Virus,Antipolo,,PH,14.62578,121.12251
Spreading Zika reaches Bacoor,Bacoor,,PH,14.45896,120.93851
Can Zika make it here to Vero Beach?,Vero Beach,,US,27.63864,-80.39727
Zika afflicts patient in Calamba,Calamba,,PH,14.21167,121.16528
Hollywood Outbreak Film Premieres,Hollywood,,US,34.09834,-118.32674
Petaling Jaya man ill from Zika,Petaling Jaya,,MY,3.10726,101.60671
Malaria is Spreading in Johannesburg,Johannesburg,,ZA,-26.20227,28.04363
Authorities are Worried about the Spread of Norovirus in Buenos Aires,Buenos Aires,,AR,-34.61315,-58.37723
Guangzhou Patient in Critical Condition after Contracting Swine Flu,Guangzhou,,CN,23.11667,113.25
Doral hit by Deadly Virus,Doral,,US,25.81954,-80.35533
Tokyo Encounters Severe Symptoms of Meningitis,Tokyo,,JP,35.6895,139.69171
Rabies Exposure in Hamilton,Hamilton,,CA,43.25011,-79.84963
Authorities are Worried about the Spread of Influenza in Savannah,Savannah,,US,32.08354,-81.09983
Zika Outbreak in Hyderabad,Hyderabad,,PK,25.39689,68.37718
Birmingham Residents Recieve Rabies vaccine,Birmingham,,GB,52.48142,-1.89983
Is Zika virus in Majuro?,Majuro,,MH,7.08971,171.38027
Spreading Zika ruining Cancun fun,Cancun,,MX,21.17429,-86.84656
Cancun hit by Outbreak of Party Fever!,Cancun,,MX,21.17429,-86.84656
HIV has Arrived in Fairfax,Fairfax,,US,38.84622,-77.30637
Spanish Flu Outbreak in Barcelona,Barcelona,,ES,41.38879,2.15899
Santa Barbara tests new cure for Hepatitis C,Santa Barbara,,US,34.42083,-119.69819
Spring break ruined by Zika in Fort Lauderdale,Spring,,US,30.07994,-95.41716
Villavicencio under Zika threat,Villavicencio,,CO,4.142,-73.62664
Two more Zika cases confirmed in Laredo,Laredo,,US,27.50641,-99.50754
New Delhi Addressing Zika Concerns,Delhi,,IN,28.65195,77.23149
"New Zika Case in Kota Kinabalu, Malaysia",Kota Kinabalu,Malaysia,MY,5.9749,116.0724
New medicine wipes out West Nile Virus in Ventura,Ventura,,US,34.27834,-119.29317
Meningitis re-emerges in Nassau,Nassau,,BS,25.05823,-77.34306
"Zika reaches Johor Bahru, Malaysia",Johor Bahru,Malaysia,MY,1.4655,103.7578
Nha Trang Zika Outbreak,Nha Trang,,VN,12.24507,109.19432
First Zika Case in Cincinnati,Cincinnati,,US,39.12711,-84.51439
Molo Cholera Spread Causing Concern,Molo,,KE,-0.24849,35.73194
Norovirus Exposure in Hong Kong,Hong Kong,Hong Kong,HK,22.27832,114.17469
19 new Zika Cases in Sengkang,Sengkang,,ID,-4.1279,120.0297
Zika cases concern Charlotte residents,Charlotte,,US,35.22709,-80.84313
Batangas Tourism Takes a Hit as Virus Spreads,Batangas,,PH,13.7567,121.0584
Johannesburg Patient in Critical Condition after Contracting Pneumonia,Johannesburg,,ZA,-26.20227,28.04363
Outbreak of Zika in Bacolod City,Bacolod City,,PH,10.66667,122.95
Respiratory Syncytial Virus Keeps Spreading in Masaya,Masaya,,NI,11.97444,-86.09417
Spike of Pneumonia Cases in Springfield,Springfield,,US,37.21533,-93.29824
Zika case reported in Jupiter,Jupiter,,US,26.93422,-80.09421
Zika virus confirmed in Westchester,Westchester,,US,25.75482,-80.32727
Authorities are Worried about the Spread of Tuberculosis in Abuja,Abuja,,NG,9.05785,7.49508
Rumors about Hepatitis D Spreading in San Juan Capistrano have been Refuted,San Juan Capistrano,,US,33.50169,-117.66255
The Spread of Measles in Spokane has been Confirmed,Spokane,,US,47.65966,-117.42908
Zika alert for Rio Grande Valley residents,Rio Grande,,MX,23.82647,-103.03034
Zika symptoms spotted in Colombo,Colombo,,LK,6.93548,79.84868
West Nile Virus Outbreak in Louisville,Louisville,,US,38.25424,-85.75941
New details in Baton Rouge cop killings,Baton Rouge,,US,30.44332,-91.18747
Hepatitis B has not Left Florence,Florence,,IT,43.77925,11.24626
More Zika patients reported in Pensacola,Pensacola,,US,30.42131,-87.21691
Outbreak of Zika in Corpus Christi,Corpus Christi,,US,27.80058,-97.39638
How to Avoid Rhinovirus in Lemon Grove,Lemon Grove,,US,32.74255,-117.03142
Rumors about Rotavirus spreading in Huntsville have been refuted,Huntsville,,US,34.7304,-86.58594
Rhinovirus has Arrived in Athens,Athens,,GR,37.98376,23.72784
Outbreak of Zika in Panama City,Panama City,Panama,US,30.15946,-85.65983
Measles has not Left Brooklyn,Brooklyn,,US,40.6501,-73.94958
Escondido neighborhood to get sprayed for Zika virus,Escondido,,US,33.11921,-117.08642
"Zika in Belmont, Belmont worry",Belmont,,US,37.52021,-122.2758
Influenza has not Left Sacramento,Sacramento,,US,38.58157,-121.4944
Veracruz hit by Zika Concerns,Veracruz,,MX,19.18095,-96.1429
Case of Mumps Reported in Dayton,Dayton,,US,39.75895,-84.19161
Authorities are Worried about the Spread of Dengue in Kingston,Kingston,,JM,17.99702,-76.79358
Gainesville Deals with Disease Concerns,Gainesville,,US,29.65163,-82.32483
Montevideo Encounters Severe Symptoms of Rotavirus,Montevideo,,UY,-34.90328,-56.18816
Varicella Keeps Spreading in Detroit,Detroit,,US,42.33143,-83.04575
Arhus is infested with Bronchitis,Arhus,,DK,56.15674,10.21076
Zika Troubles come to Niteroi,Niteroi,,BR,-22.88333,-43.10361
Zika cases in Singapore reach 393,Singapore,Singapore,SG,1.28967,103.85007
Manhattan Residents Recieve HIV vaccine,Manhattan,,US,40.78343,-73.96625
Zika arrives in Miri,Miri,,MY,4.39928,113.99163
Rumors about Dengue Spreading in Syracuse have been Refuted,Syracuse,,US,43.04812,-76.14742
Will Norovirus vaccine help Raleigh?,Raleigh,,US,35.7721,-78.63861
Lower Hospitalization in Auckland after Hepatitis D Vaccine becomes Mandatory,Auckland,,NZ,-36.84853,174.76349
How to Avoid Gonorrhea in Shreveport,Shreveport,,US,32.52515,-93.75018
Ithaca is infested with Dengue,Ithaca,,US,42.44063,-76.49661
Will MCD vaccine help Strasbourg?,Strasbourg,,FR,48.58392,7.74553
New medicine wipes out Measles in Fresno,Fresno,,US,36.74773,-119.77237
BREAKING – Zika in Missoula,Missoula,,US,46.87215,-113.994
Zika arrives in Santos,Santos,,BR,-23.96083,-46.33361
Sick Livestock Leads to Serious Trouble for Belfort,Belfort,,FR,47.64218,6.85385
Hepatitis E has not Left Libreville,Libreville,,GA,0.39241,9.45356
New medicine wipes out Chikungunya in Tucson,Tucson,,US,32.22174,-110.92648
Norovirus has Arrived in Winnipeg,Winnipeg,,CA,49.8844,-97.14704
Hepatitis B Comes to Kansas City,Kansas City,,US,39.09973,-94.57857
More Patients in Cambridge are Getting Diagnosed with Chickenpox,Cambridge,,GB,52.2,0.11667
Chikungunya Exposure in Toledo,Toledo,,US,41.66394,-83.55521
Is Lafayette prepared to combat Zika?,Lafayette,,US,30.22409,-92.01984
Mecca tests new cure for Chikungunya,Mecca,,SA,21.42664,39.82563
Zika arrives in San Benito,San Benito,,GT,16.91675,-89.91898
Syphilis Outbreak in Harrisburg,Harrisburg,,US,40.2737,-76.88442
Zika Arrives in North Miami,North Miami,,US,25.89009,-80.18671
Urbana Encounters Severe Symptoms of Meningitis,Urbana,,US,40.11059,-88.20727
Pittsburgh Residents Recieve Norovirus vaccine,Pittsburgh,,US,40.44062,-79.99589
Chikungunya Hits Denver,Denver,,US,39.73915,-104.9847
Zika case recorded in Tunapuna »,Tunapuna,,TT,10.65245,-61.38878
Spike of Respiratory Syncytial Virus Cases in Mandalay,Mandalay,,MM,21.97473,96.08359
HIV Keeps Spreading in Boulder,Boulder,,US,40.01499,-105.27055
More Zika patients reported in Joao Pessoa,Joao Pessoa,,BR,-7.115,-34.86306
Will Tuberculosis vaccine help Rockville?,Rockville,,US,39.084,-77.15276
Mad Cow Disease Re-emerges in Chatham,Chatham,,GB,51.37891,0.52786
Zika Virus Arrives in Ontario,Ontario,,US,34.06334,-117.65089
Mad Cow Disease Hits Naples,Naples,,IT,40.85216,14.26811
More Zika patients reported in Davao,Davao,,PH,7.07306,125.61278
The Spread of Chikungunya in Arcadia has been Confirmed,Arcadia,,US,34.13973,-118.03534
Oxford tests new cure for HIV,Oxford,,GB,51.75222,-1.25596
Outbreak of Zika in Stephenville,Stephenville,,US,32.2207,-98.20226
Providence Encounters Severe Symptoms of Dengue,Providence,,US,41.82399,-71.41283
Tests negative on Windsor Zika carriers,Windsor,,CA,42.30008,-83.01654
Zika battle outlined at Valdosta meeting,Valdosta,,US,30.83334,-83.28032
Zika case reported in Coral Gables,Coral Gables,,US,25.72149,-80.26838
Hepatitis C Outbreak in Danbury,Danbury,,US,41.39482,-73.45401
Chickenpox has Arrived in Chula Vista,Vista,,US,33.20004,-117.24254
Will HIV vaccine help Las Vegas?,Las Vegas,,US,36.17497,-115.13722
Zika arrives in West Palm Beach,West Palm Beach,,US,26.71534,-80.05337
Mobile authorities confirmed the spread of Bronchitis,Mobile,,US,30.69436,-88.04305
Zika spreads to Daytona Beach,Daytona Beach,,US,29.21081,-81.02283
Lausanne Residents Recieve Meningitis vaccine,Lausanne,,CH,46.516,6.63282
Rhinovirus Comes to San Jose,San Jose,,US,37.33939,-121.89496
Spike of Chlamydia Cases in Farmington,Farmington,,US,36.72806,-108.21869
Authorities are Worried about the Spread of Rotavirus in Union,Union,,US,40.6976,-74.2632
Rumors about Hepatitis D spreading in Albany have been refuted,Albany,,US,42.65258,-73.75623
Zika symptoms spotted in Bello,Bello,,CO,6.33732,-75.55795
Will Meningitis vaccine help Hamburg?,Hamburg,,DE,53.55073,9.99302
Madera Patient in Critical Condition after Contracting Rabies,Madera,,US,36.96134,-120.06072
Zika Virus Detected in Lubbock,Lubbock,,US,33.57786,-101.85517
Malaria re-emerges in Boise,Boise,,US,43.6135,-116.20345
Varicella re-emerges in Lagos,Lagos,,NG,6.45407,3.39467
Vericella spreading in Ibadan,Ibadan,,NG,7.37756,3.90591
Schools in Birmingham Closed Due to Measles Outbreak,Birmingham,,GB,52.48142,-1.89983
How to Avoid Hepatitis B in Waldorf,Waldorf,,US,38.62456,-76.93914
Tuberculosis Outbreak in Newark,Newark,,US,40.73566,-74.17237
Zika Virus Sparks 'International Concern',Sparks,,US,39.53491,-119.75269
Spike of Chlamydia Cases in Berlin,Berlin,,DE,52.52437,13.41053
Zika-carrying mosquitoes discovered in Ardmore,Ardmore,,US,34.17426,-97.14363
"Zika Mosquitoes May Have Bred in Bromeliads, Florida Officials Say",Florida,,CU,21.52536,-78.22579
More Livestock in Fontainebleau are infected with Mad Cow Disease,Fontainebleau,,FR,48.40908,2.70177
Frisco Woman Tests Positive For Zika Virus,Frisco,,US,33.15067,-96.82361
Authorities are Worried about the Spread of Norovirus in Dubai,Dubai,,AE,25.07725,55.30927
Benton Residents Recieve Pneumonia vaccine,Benton,,US,34.56454,-92.58683
Case of Hepatitis A Reported in Calgary,Calgary,,CA,51.05011,-114.08529
Zika Outbreak in Pinewood,Pinewood,,US,25.86898,-80.21699
Will Swine Flu vaccine help Ljubljana?,Ljubljana,,SI,46.05108,14.50513
Bronchitis re-emerges in Tehran,Tehran,,IR,35.69439,51.42151
Mad Cow case in Murcia,Murcia,,ES,37.98704,-1.13004
Mad Cow Disease Spreads to Margate,Margate,,GB,51.38132,1.38617
Zika Strikes St. Petersburg,Petersburg,,US,37.22793,-77.40193
Will the Mad Cow Outbreak Reach Vienna?,Vienna,,AT,48.20849,16.37208
More Patients in Orange are Getting Diagnosed with Chickenpox,Orange,,US,33.78779,-117.85311
Lower Hospitalization in Richmond after Mumps Vaccine becomes Mandatory,Richmond,,US,37.55376,-77.46026
Meningitis re-emerges in Medina,Medina,,SA,24.46861,39.61417
Four cases of Zika in Hidalgo County,Hidalgo,,MX,25.97205,-100.45029
Zika symptoms spotted in Hollywood,Hollywood,,US,34.09834,-118.32674
Zika arrives in Oaxaca,Oaxaca,,MX,17.06542,-96.72365
More people in Durham are infected with Chlamydia every year,Durham,,US,35.99403,-78.89862
Authorities are Worried about the Spread of Gonorrhea in Taoyuan City,Taoyuan City,,TW,24.99368,121.29696
Swine Flu re-emerges in La Jolla,La Jolla,,US,32.84727,-117.2742
Tuberculosis Outbreak in Hartford,Hartford,,US,41.76371,-72.68509
Rumors about Mumps Spreading in New Bedford have been Refuted,Bedford,,GB,52.13459,-0.46632
Respiratory Syncytial Virus Vaccine is now Required in Tulsa,Tulsa,,US,36.15398,-95.99277
More people in Indianapolis are infected with Norovirus every year,Indianapolis,India,US,39.76838,-86.15804
Lower Hospitalization in Dhaka after Measles Vaccine becomes Mandatory,Dhaka,,IN,26.67479,85.16698
Albany Residents Recieve Respiratory Syncytial Virus vaccine,Albany,,US,42.65258,-73.75623
Rotavirus Vaccine is now Required in Starkville,Starkville,,US,33.45049,-88.81961
Schools in Yaounde Closed Due to Mumps Outbreak,Yaounde,,CM,3.86667,11.51667
More people in Nadi are infected with HIV every year,Nadi,,FJ,-17.80309,177.41617
Tocumen tests new cure for Hepatitis A,Tocumen,,PA,9.08939,-79.3831
Phnom Penh hit by Zika Threat,Phnom Penh,,KH,11.56245,104.91601
Zika Troubles come to Harlingen,Harlingen,,US,26.19063,-97.6961
Zika spreads to Barranquilla,Barranquilla,,CO,10.96854,-74.78132
Milwaukee authorities confirmed the spread of Rhinovirus,Milwaukee,,US,43.0389,-87.90647
Mad Cow Disease Hits Rotterdam,Rotterdam,,NL,51.9225,4.47917
Zika symptoms spotted in Arlington,Arlington,,US,32.73569,-97.10807
West Nile Virus Hits Yogyakarta,Yogyakarta,,ID,-7.80139,110.36472
More Patients in Dublin are Getting Diagnosed with Bronchitis,Dublin,,IE,53.33306,-6.24889
Rumors about Tuberculosis Spreading in Baud have been Refuted,Baud,,IN,20.83773,84.32618
Rumors about West Nile Virus Spreading in Salem have been Refuted,Salem,,IN,11.65376,78.15538
St. Catharines Patient in Critical Condition after Contracting Dengue,St. Catharines,,CA,43.17126,-79.24267
More Zika patients reported in Camacari,Camacari,,BR,-12.6975,-38.32417
Outbreak of Zika in Pasig City,Pasig City,,PH,14.58691,121.0614
Zika Troubles come to Kampong Cham,Kampong Cham,,KH,11.99339,105.4635
Zika case reported in Rizal,Rizal,,PH,15.7118,121.1061
Zika Spreads to Palm Beach Gardens,Palm Beach Gardens,,US,26.82339,-80.13865
More people in Saint Petersburg are infected with Varicella every year,Petersburg,,US,37.22793,-77.40193
Spike of Herpes Cases in Meriden,Meriden,,US,41.53815,-72.80704
Zika case reported in Abilene,Abilene,,US,32.44874,-99.73314
Outbreak of Zika in Palm Springs,Springs,,ZA,-26.25,28.4
Halifax is infested with Swine Flu,Halifax,,CA,44.64269,-63.57688
Zika arrives in Natal,Natal,,BR,-5.795,-35.20944
Herpes Keeps Spreading in Rochester,Rochester,,US,43.15478,-77.61556
Zika case reported in Phetchabun,Phetchabun,,TH,16.41904,101.16056
How to Avoid Pneumonia in Bullhead City,Bullhead City,,US,35.14778,-114.5683
West Nile Virus re-emerges in Wellington,Wellington,,NZ,-41.28664,174.77557
Rumors about Pneumonia spreading in Ottawa have been refuted,Ottawa,,CA,45.41117,-75.69812
Meningitis re-emerges in Summerville,Summerville,,US,33.0185,-80.17565
Pneumonia Symptoms Spread all over Bloomington,Bloomington,,US,44.8408,-93.29828
More Patients in Stuttgart are Getting Diagnosed with Rabies,Stuttgart,,DE,48.78232,9.17702
Schools in Glasgow Closed Due to Hepatitis B Outbreak,Glasgow,,GB,55.86515,-4.25763
Phoenix Residents Recieve Syphilis vaccine,Phoenix,,US,33.44838,-112.07404
Spanish flu spreading in Madrid,Madrid,,ES,40.4165,-3.70256
Rabies Hits Madrid,Madrid,,ES,40.4165,-3.70256
Zika Outbreak in Weslaco,Weslaco,,US,26.15952,-97.99084
How to Avoid Chlamydia in Santiago,Santiago,,CL,-33.45694,-70.64827
Rotavirus Vaccine is now Required in Las Cumbres,Las Cumbres,,PA,9.09211,-79.53895
Mad Cow Outbreak Spreading in Ennis,Ennis,,IE,52.84361,-8.98639
Southampton Patient in Critical Condition after Contracting Tuberculosis,Southampton,,GB,50.90395,-1.40428
The Spread of Rhinovirus in Boardman has been Confirmed,Boardman,,US,41.02423,-80.66285
Richland Center is infested with Hepatitis B,Richland,,US,46.28569,-119.28446
Authorities are Worried about the Spread of Chickenpox in Richmond,Richmond,,US,37.55376,-77.46026
Chikungunya re-emerges in Kobe,Kobe,,JP,34.6913,135.183
Malaria Vaccine is now Required in Schenectady,Schenectady,,US,42.81424,-73.93957
Hepatitis D has Arrived in Grenoble,Grenoble,,FR,45.17869,5.71479
West Nile Virus Symptoms Spread all over Yerevan,Yerevan,,AM,40.18111,44.51361
Zika Outbreak in Sincelejo,Sincelejo,,CO,9.30472,-75.39778
Rumors about HIV spreading in Montpellier have been refuted,Montpellier,,FR,43.61093,3.87635
Praia tests new cure for Pneumonia,Praia,,CV,14.93152,-23.51254
Lower Hospitalization in Lakewood after Hepatitis B Vaccine becomes Mandatory,Lakewood,,US,39.70471,-105.08137
Zika spreads to Kuching,Kuching,,MY,1.55,110.33333
Spike of Rotavirus Cases in Omaha,Omaha,,US,41.25626,-95.94043
Tuberculosis re-emerges in Silver Springs,Springs,,ZA,-26.25,28.4
Will West Nile Virus vaccine help Coronado?,Coronado,,US,32.68589,-117.18309
Zika case confirmed in Lorain,Lorain,,US,41.45282,-82.18237
Chickenpox Hits Simpsonville,Simpsonville,,US,34.73706,-82.25428
Framingham Residents Receive Measles vaccine,Framingham,,US,42.27926,-71.41617
Rumors about Mad Cow Disease Brighton have been Refuted,Brighton,,GB,50.82838,-0.13947
Zika case reported in Jacobina,Jacobina,,BR,-11.18143,-40.51372
Bridgeport authorities confirmed the spread of West Nile Virus,Bridgeport,,US,41.17923,-73.18945
Measles Vaccine is now Required in Wailuku,Wailuku,,US,20.89133,-156.50604
Zika symptoms spotted in Surat,Surat,,IN,21.19594,72.83023
More contaminated cattle reported in Bedford,Bedford,,GB,52.13459,-0.46632
Zika in Tamarac!,Tamarac,,US,26.21286,-80.24977
Will Measles vaccine help Milford?,Milford,,US,41.22232,-73.0565
Spike of Norovirus Cases in Huddersfield,Huddersfield,,GB,53.64904,-1.78416
Rhinovirus Hits Bakersfield,Bakersfield,,US,35.37329,-119.01871
Lower Hospitalization in Papeete after Measles Vaccine becomes Mandatory,Papeete,,PF,-17.5347,-149.56843
Zika arrives in Udon Thani,Udon Thani,,TH,17.41567,102.78589
Spike of Dengue Cases in Stockholm,Stockholm,,SE,59.32938,18.06871
More people in Berkeley are infected with Swine Flu every year,Berkeley,,US,37.87159,-122.27275
Zika only the latest mosquito-borne threat to New Orleans,New Orleans,,US,29.95465,-90.07507
Will Swine Flu vaccine help Annapolis?,Annapolis,,US,38.97859,-76.49184
Lower Hospitalization in Monroe after Hepatitis D Vaccine becomes Mandatory,Monroe,,US,32.50931,-92.1193
New medicine wipes out Dengue in Saginaw,Saginaw,,US,43.41947,-83.95081
Spike of Rhinovirus Cases in Sevierville,Sevierville,,US,35.86815,-83.56184
Duisburg up in Arms over Mad Cow Disease,Duisburg,,DE,51.43247,6.76516
New medicine wipes out Mumps in Saint Charles,Saint Charles,,US,38.78394,-90.48123
Case of Chikungunya Reported in Gaithersburg,Gaithersburg,,US,39.14344,-77.20137
How to Avoid Respiratory Syncytial Virus in San Bernardino,San Bernardino,,US,34.10834,-117.28977
Laventille authorities confirmed the spread of Rhinovirus,Laventille,,TT,10.64917,-61.49889
More Zika patients reported in Waco,Waco,,US,31.54933,-97.14667
Will Herpes vaccine help Newcastle?,Newcastle,,ZA,-27.75796,29.9318
Erie County sets Zika traps,Erie,,US,42.12922,-80.08506
How to Avoid Norovirus in Greenville,Greenville,,US,35.61266,-77.36635
More Zika patients reported in Calumpang,Calumpang,,PH,14.6228,121.0897
Zika symptoms spotted in Quisqueya,Quisqueya,,DO,18.55542,-69.40814
Rumors about Hepatitis D Spreading in Montreal have been Refuted,Montreal,,CA,45.50884,-73.58781
Zika symptoms spotted in Fortaleza,Fortaleza,,BR,-3.71722,-38.54306
Rumors about Bronchitis spreading in Bundaberg have been refuted,Bundaberg,,AU,-24.86621,152.3479
Hepatitis A re-emerges in Stamford,Stamford,,US,41.05343,-73.53873
Schools in Huntington Closed Due to Rotavirus Outbreak,Huntington,,US,38.41925,-82.44515
Will Mad Cow Vaccine Help Bristol?,Bristol,,GB,51.45523,-2.59665
Chickenpox Comes to Stillwater,Stillwater,,US,36.11561,-97.05837
The Spread of Meningitis in Imperial has been Confirmed,Imperial,,PE,-13.05927,-76.35269
Case of Measles Reported in Springdale,Springdale,,US,36.18674,-94.12881
Norwalk Encounters Severe Symptoms of Malaria,Norwalk,,US,33.90224,-118.08173
Zika arrives in Orange City,Orange,,US,33.78779,-117.85311
Pilsen Encounters Severe Symptoms of Malaria,Pilsen,,CZ,49.74747,13.37759
Will Hepatitis B vaccine help La Paz?,La Paz,,BO,-16.5,-68.15
Zika Outbreak in Puducherry,Puducherry,,IN,11.93381,79.82979
More Zika patients reported in Carrollton,Carrollton,,US,32.95373,-96.89028
Will Rabies vaccine help Tangier?,Tangier,,MA,35.76727,-5.79975
Zika symptoms spotted in Iquitos,Iquitos,,PE,-3.74912,-73.25383
West Nile Virus Exposure in Racine,Racine,,US,42.72613,-87.78285
The Spread of Hepatitis E in Lansing has been Confirmed,Lansing,,US,42.73253,-84.55553
West Nile Virus Exposure in Alpharetta,Alpharetta,,US,34.07538,-84.29409
Pedro Juan Caballero Encounters Severe Symptoms of Pneumonia,Pedro Juan Caballero,,PY,-22.54722,-55.73333
More Zika patients reported in Melbourne,Melbourne,,AU,-37.814,144.96332
Zika Troubles come to La Libertad,La Libertad,,EC,-2.233,-80.91039
Herpes Vaccine is now Required in Mattoon,Mattoon,,US,39.48309,-88.37283
Kent is infested with Rabies,Kent,,US,47.38093,-122.23484
Zika symptoms spotted in Bonita Springs,Springs,,ZA,-26.25,28.4
The Spread of Malaria in Brazzaville has been Confirmed,Brazzaville,,CG,-4.26613,15.28318
More Zika patients reported in Fort Myers,Fort Myers,,US,26.62168,-81.84059
Zika spreads to Lewisville,Lewisville,,US,33.04623,-96.99417
Ogden is infested with Gonorrhea,Ogden,,US,41.223,-111.97383
Fort Hood Reports its First Zika Patient,Fort Hood,,US,31.13489,-97.77561
Huzhou Residents Receive Hepatitis B vaccine,Huzhou,,CN,30.8703,120.0933
New medicine wipes out Rabies in Newburgh,Newburgh,,US,41.50343,-74.01042
Iowa City Encounters Severe Symptoms of Rhinovirus,Iowa City,,US,41.66113,-91.53017
Spike of Rabies Cases in Managua,Managua,,NI,12.13282,-86.2504
Outbreak of Zika in Santa Elena,Santa Elena,,EC,-2.22622,-80.85873
Mumps Hits Howard Beach,Howard,,US,44.5436,-88.08816
The Spread of Gonorrhea in Reno has been Confirmed,Reno,,US,39.52963,-119.8138
How to Avoid Rhinovirus in Plainfield,Plainfield,,US,40.63371,-74.40737
Rumors about Varicella spreading in Carlsbad have been refuted,Carlsbad,,US,33.15809,-117.35059
Scranton authorities confirmed the spread of Gonorrhea,Scranton,,US,41.40916,-75.6649
Mad Cow Disease Disastrous to Brussels,Brussels,,BE,50.85045,4.34878
Zika spreads to Olinda,Olinda,,BR,-8.00889,-34.85528
Hallandale Beach a Victim of Zika Outbreak,Hallandale Beach,,US,25.9812,-80.14838
Rhinovirus re-emerges in Storrs,Storrs,,US,41.80843,-72.24952
Germantown authorities confirmed the spread of Chickenpox,Germantown,,US,39.17316,-77.27165
Rumors about Rotavirus spreading in North Platte have been refuted,North Platte,,US,41.12389,-100.76542
Spike of Hepatitis C Cases in Golden,Golden,,US,39.75554,-105.2211
Authorities are Worried about the Spread of Hepatitis D in Ganja,Ganja,,AZ,40.68278,46.36056
Dengue Exposure in Kathmandu,Kathmandu,,NP,27.70169,85.3206
Tuberculosis has Arrived in Fairfield,Fairfield,,US,38.24936,-122.03997
Outbreak of Zika in Kozhikode,Kozhikode,,IN,11.24802,75.7804
Bronchitis Symptoms Spread all over Santa Fe,Santa Fe,,AR,-31.64881,-60.70868
More Patients in Alexandria are Getting Diagnosed with Mumps,Alexandria,,EG,31.20176,29.91582
Pneumonia Exposure in Alhambra,Alhambra,,US,33.49838,-112.13432
Hepatitis C re-emerges in Damascus,Damascus,,SY,33.5102,36.29128
Lower Hospitalization in Pekanbaru after Rotavirus Vaccine becomes Mandatory,Pekanbaru,,ID,0.51667,101.44167
Schools in Bentonville Closed Due to Hepatitis B Outbreak,Bentonville,,US,36.37285,-94.20882
Hepatitis E Hits Hammond,Hammond,,US,41.58337,-87.50004
Schools in Bridgeton Closed Due to Mumps Outbreak,Bridgeton,,US,39.42734,-75.23408
Biloxi Residents Recieve Chlamydia vaccine,Biloxi,,US,30.39603,-88.88531
Case of Mad Cow Disease Reported in Hilden,Hilden,,DE,51.16818,6.93093
Rumors about Rabies Spreading in Khartoum have been Refuted,Khartoum,,SD,15.55177,32.53241
Harare is infested with Pneumonia,Harare,,ZW,-17.82772,31.05337
Zika symptoms spotted in Sibu,Sibu,,MY,2.3,111.81667
Zika arrives in Quezon,Quezon,,PH,7.73028,125.09889
More Patients in Crawfordsville are Getting Diagnosed with Rabies,Crawfordsville,,US,40.04115,-86.87445
Spike of Hepatitis B Cases in Greenville,Greenville,,US,35.61266,-77.36635
Authorities are Worried about the Spread of Hepatitis D in Akron,Akron,,US,41.08144,-81.51901
More Zika patients reported in Nuevo Laredo,Laredo,,US,27.50641,-99.50754
Bronchitis Keeps Spreading in San Mateo,San Mateo,,PH,14.6982,121.1236
Zika arrives in Boca Raton,Boca Raton,,US,26.35869,-80.0831
Bradenton Experiences Zika Troubles,Bradenton,,US,27.49893,-82.57482
Chlamydia Symptoms Spread all over University City,University,,US,28.07389,-82.43902
Wisconsin Rapids Patient in Critical Condition after Contracting Chickenpox,Wisconsin Rapids,,US,44.38358,-89.81735
Zika spreads to Kissimmee,Kissimmee,,US,28.30468,-81.41667
Herpes Symptoms Spread all over Fremont,Fremont,,US,37.54827,-121.98857
Spike of Pneumonia Cases in The Bronx,The Bronx,,US,40.84985,-73.86641
Authorities are Worried about the Spread of Hepatitis D in North Bay,Bay,,PH,14.18368,121.28554
The Spread of Herpes in Baku has been Confirmed,Baku,,AZ,40.37767,49.89201
Will Measles vaccine help Sochi?,Sochi,,RU,43.59917,39.72569
Tuberculosis Symptoms Spread all over Caguas,Caguas,,PR,18.23412,-66.0485
HIV has Arrived in Tacoma,Tacoma,,US,47.25288,-122.44429
Malaria re-emerges in Nashua,Nashua,,US,42.76537,-71.46757
Arvada is infested with Syphilis,Arvada,,US,39.80276,-105.08748
Spike of Syphilis Cases in West Monroe,Monroe,,US,32.50931,-92.1193
More Zika patients reported in Ribeirao Preto,Ribeirao Preto,,BR,-21.1775,-47.81028
Deerfield tests new cure for Measles,Deerfield,,US,42.17114,-87.84451
Contaminated Meat Brings Trouble for Bonn Farmers,Bonn,,DE,50.73438,7.09549
Hepatitis A re-emerges in Foster City,Foster City,,US,37.55855,-122.27108
How to Avoid Tuberculosis in Santa Monica,Santa Monica,,US,34.01949,-118.49138
Zika reported in Fort Pierce,Fort Pierce,,US,27.44671,-80.32561
Authorities are Worried about the Spread of Syphilis in Pyongyang,Pyongyang,,KP,39.03385,125.75432
Zika spreads to Winter Park,Winter Park,,US,28.6,-81.33924
Durango is infested with Hepatitis B,Durango,,ES,43.17124,-2.6338
Hepatitis A has not Left Staten Island,Staten Island,,US,40.56233,-74.13986
Mpika authorities confirmed the spread of Chikungunya,Mpika,,ZM,-11.83431,31.45287
Gladstone Encounters Severe Symptoms of Dengue,Gladstone,,AU,-23.84852,151.25775
Mad Cow Disease Hits London,London,,GB,51.50853,-0.12574
New Milford Patient in Critical Condition after Contracting Respiratory Syncytial Virus,New Milford,,US,40.9351,-74.01903
More people in Palo Alto are infected with HIV every year,Palo Alto,,US,37.44188,-122.14302
HIV Symptoms Spread all over Hinthada,Hinthada,,MM,17.64944,95.45705
Zika symptoms spotted in Quito,Quito,,EC,-0.22985,-78.52495
Vineland authorities confirmed the spread of Chlamydia,Vineland,,US,39.48623,-75.02573
"Sulu, Zamboanga brace for Zika",Zamboanga,,PH,6.91028,122.07389
More Zika patients reported in Custodia,Custodia,,BR,-8.0875,-37.64306
Tupelo Residents Recieve Syphilis vaccine,Tupelo,,US,34.25807,-88.70464
Spanish Flu Outbreak in Lisbon,Lisbon,,PT,38.71667,-9.13333
Spanish Flu Spreading through Madrid,Madrid,,ES,40.4165,-3.70256
Barcelona Struck by Spanish Flu,Barcelona,,ES,41.38879,2.15899
Spanish Flu Outbreak in Lisbon,Lisbon,,PT,38.71667,-9.13333
Spanish Flu Spreading through Madrid,Madrid,,ES,40.4165,-3.70256
Barcelona Struck by Spanish Flu,Barcelona,,ES,41.38879,2.15899
The Spread of Dengue in Yakima has been Confirmed,Yakima,,US,46.60207,-120.5059
Tuberculosis Hits Luanda,Luanda,,AO,-8.83682,13.23432
Will West Nile Virus vaccine help Dumai?,Dumai,,ID,1.66711,101.44316
Rumors about Chlamydia spreading in Redmond have been refuted,Redmond,,US,47.67399,-122.12151
Case of Varicella Reported in Concord,Concord,,US,37.97798,-122.03107
Zika virus case reported in Rockland,Rockland,,US,42.13066,-70.91616
Zika investigators coming to Mankato,Mankato,,US,44.15906,-94.00915
Toms River Encounters Severe Symptoms of Respiratory Syncytial Virus,Toms River,,US,39.95373,-74.19792
The Spread of Malaria in Zanzibar has been Confirmed,Zanzibar,,TZ,-6.16394,39.19793
Malaria Outbreak Hits Zanzibar's Tourist Industry,Zanzibar,,TZ,-6.16394,39.19793
Tourist Perishes from Malaria in Arusha,Arusha,,TZ,-3.36667,36.68333
Herpes Symptoms Spread all over New Kingston,Kingston,,JM,17.99702,-76.79358
More people in Yokohama are infected with Norovirus every year,Yokohama,,JP,35.43333,139.65
More people in Kitwe are infected with Respiratory Syncytial Virus every year,Kitwe,,ZM,-12.80243,28.21323
Hepatitis D Keeps Spreading in Bismarck,Bismarck,,US,46.80833,-100.78374
Varicella Outbreak in Minot,Minot,,US,48.23251,-101.29627
Malaria has Arrived in Terrebonne,Terrebonne,,CA,45.70004,-73.64732
Chikungunya Keeps Spreading in North Vancouver,Vancouver,,CA,49.24966,-123.11934
Authorities are Worried about the Spread of Chickenpox in Hemet,Hemet,,US,33.74761,-116.97307
Rumors about Hepatitis C spreading in Darien have been refuted,Darien,,US,41.75198,-87.97395
The Spread of West Nile Virus in Fairfield has been Confirmed,Fairfield,,US,38.24936,-122.03997
Princeton Encounters Severe Symptoms of Dengue,Princeton,,US,25.53844,-80.40894
Norovirus Keeps Spreading in Copenhagen,Copenhagen,,DK,55.67594,12.56553
Wuhan is infested with Varicella,Wuhan,,CN,30.58333,114.26667
Zika spreads to San Luis Potosi,San Luis,,AR,-33.29501,-66.33563
Spike of Norovirus Cases in Canberra,Canberra,,AU,-35.28346,149.12807
Zika Troubles come to Greater Noida,Noida,,IN,28.58,77.33
Lower Hospitalization in Palm Springs after Hepatitis A Vaccine becomes Mandatory,Springs,,ZA,-26.25,28.4
Outbreak of Zika in Leesburg,Leesburg,,US,39.11566,-77.5636
Authorities are Worried about the Spread of Tuberculosis in Cantu,Cantu,,IT,45.74096,9.13084
New medicine wipes out HIV in Kihei,Kihei,,US,20.76462,-156.44578
Sangre Grande Residents Recieve Gonorrhea vaccine,Sangre Grande,,TT,10.58705,-61.13008
Outbreak of Zika in Colombo,Colombo,,LK,6.93548,79.84868
Will Rotavirus vaccine help Addis Ababa?,Addis Ababa,,ET,9.02497,38.74689
Stony Brook University experts discuss Zika virus,University,,US,28.07389,-82.43902
Lower Hospitalization in Janesville after Varicella Vaccine becomes Mandatory,Janesville,,US,42.68279,-89.01872
Rabies Outbreak in Altus,Altus,,US,34.63813,-99.33398
Miami resident suggests Zika precautions,Miami,,US,25.77427,-80.19366
Zika Troubles come to Jaen,Jaen,,PH,15.3275,120.9192
Hepatitis B Exposure in Edinburgh,Edinburgh,,GB,55.95206,-3.19648
Zika case reported in Reynosa,Reynosa,,MX,26.08061,-98.28835
Schools in Tulare Closed Due to Mumps Outbreak,Tulare,,US,36.20773,-119.34734
More Zika patients reported in Chennai,Chennai,,IN,13.08784,80.27847
Hepatitis D Keeps Spreading in Danvers,Danvers,,US,42.57509,-70.93005
Authorities a Miami,Miami,,US,25.77427,-80.19366
Zika case reported in Medellin,Medellin,,CO,6.25184,-75.56359
Spike of Tuberculosis Cases in Albuquerque,Albuquerque,,US,35.08449,-106.65114
More people in Cranford are infected with Hepatitis A every year,Cranford,,US,40.65844,-74.29959
West Nile Virus Hits Monroe,Monroe,,US,32.50931,-92.1193
Pneumonia Outbreak in Springville,Springville,,US,40.16523,-111.61075
Zika arrives in San Onofre,San,,ML,13.30335,-4.89562
Lung Cancer Rates Increasing in Moscow,Moscow,,RU,55.75222,37.61556
Rumors about Rotavirus Spreading in Joliet have been Refuted,Joliet,,US,41.52519,-88.0834
More Zika patients reported in Chanthaburi,Chanthaburi,,TH,12.60961,102.10447
Lawrenceville is infested with Dengue,Lawrenceville,,US,33.95621,-83.98796
Zika Reported in Ciudad Acuna,Ciudad Acuna,,MX,29.32322,-100.95217
Zika case reported in Limoeiro,Limoeiro,,BR,-7.87472,-35.45028
Ibadan tests new cure for Malaria,Ibadan,,NG,7.37756,3.90591
Gonorrhea has Arrived in Avon Lake,Avon Lake,,US,41.50532,-82.0282
Pneumonia has not Left Kinshasa,Kinshasa,,CD,-4.32758,15.31357
Respiratory Syncytial Virus Hits Henderson,Henderson,,US,36.0397,-114.98194
More Zika patients reported in Lakeland,Lakeland,,US,28.03947,-81.9498
Malaria Vaccine is now Required in Winona,Winona,,US,44.04996,-91.63932
More Patients in Canton are Getting Diagnosed with Norovirus,Canton,,US,42.30865,-83.48216
Ronkonkoma is infested with Chickenpox,Ronkonkoma,,US,40.81538,-73.11233
Kedougou tests new cure for Hepatitis C,Kedougou,,SN,12.55561,-12.18076
Gonorrhea Exposure in Norwalk,Norwalk,,US,33.90224,-118.08173
How to Avoid Rhinovirus in Medford,Medford,,US,42.32652,-122.87559
Hepatitis D Symptoms Spread all over Evansville,Evansville,,US,37.97476,-87.55585
New medicine wipes out Herpes in Bossier City,Bossier City,,US,32.51599,-93.73212
Pneumonia Exposure in San Jose,San Jose,,US,37.33939,-121.89496
Authorities are Worried about the Spread of Mad Cow Disease in Edinburgh,Edinburgh,,GB,55.95206,-3.19648
Duluth Patient in Critical Condition after Contracting Rotavirus,Duluth,,US,46.78327,-92.10658
Norfolk tests new cure for Herpes,Norfolk,,US,36.84681,-76.28522
More Zika patients reported in Botucatu,Botucatu,,BR,-22.88583,-48.445
Manassas Encounters Severe Symptoms of Measles,Manassas,,US,38.75095,-77.47527
Fayetteville authorities confirmed the spread of HIV,Fayetteville,,US,35.05266,-78.87836
Varicella Exposure in Cambridge,Cambridge,,GB,52.2,0.11667
Hepatitis A Vaccine is now Required in Fukushima,Fukushima,,JP,37.75,140.46667
Zika Outbreak in South Miami,Miami,,US,25.77427,-80.19366
Hepatitis D Symptoms Spread all over North Bethesda,North Bethesda,,US,39.04455,-77.11887
Panama City’s first Zika related death,Panama City,Panama,US,30.15946,-85.65983
West Nile Virus has Arrived in Dongguan,Dongguan,,CN,23.01797,113.74866
Zika arrives in Belmopan,Belmopan,,BZ,17.25,-88.76667
Zika seminars in Yuma County,Yuma,,US,32.72532,-114.6244
Rumors about Hepatitis E Spreading in Morristown have been Refuted,Morristown,,US,36.21398,-83.29489
Mumps Outbreak in Joplin,Joplin,,US,37.08423,-94.51328
Authorities are Worried about the Spread of Mumps in Corona,Corona,,US,33.87529,-117.56644
Schools in Danville Closed Due to Tuberculosis Outbreak,Danville,,US,37.82159,-121.99996
Outbreak of Zika in Alvorada,Alvorada,,BR,-29.9904,-51.0781
Marquette tests new cure for Hepatitis A,Marquette,,US,46.54354,-87.39542
Norovirus Vaccine is now Required in Anaheim,Anaheim,,US,33.83529,-117.9145
Zika Outbreak in Manaus,Manaus,,BR,-3.10194,-60.025
Zika spreads to Caucasia,Caucasia,,CO,7.98654,-75.19349
Case of Malaria Reported in Aurora,Aurora,,US,39.72943,-104.83192
Manchester Residents Recieve Influenza vaccine,Manchester,,GB,53.48095,-2.23743
Zika spreads to Kamphaeng Phet,Kamphaeng Phet,,TH,16.48344,99.52153
Rotavirus Vaccine is now Required in Labasa,Labasa,,FJ,-16.4332,179.36451
The Spread of Hepatitis E in Fargo has been Confirmed,Fargo,,US,46.87719,-96.7898
Zika Outbreak in Mexicali,Mexicali,,MX,32.62781,-115.45446
West Nile Virus Keeps Spreading in Hauppauge,Hauppauge,,US,40.82565,-73.20261
Bronchitis Keeps Spreading in Hayward,Hayward,,US,37.66882,-122.0808
Zika spreads to Plant City,Plant City,,US,28.01888,-82.11469
Chlamydia Exposure in Sanaa,Sanaa,,YE,15.35472,44.20667
Zika Reported in North Miami Beach,North Miami Beach,,US,25.93315,-80.16255
More Patients in Kensington are Getting Diagnosed with Varicella,Kensington,,US,40.64621,-73.97069
Case of West Nile Virus Reported in Riverside,Riverside,,US,33.95335,-117.39616
Northfield Encounters Severe Symptoms of Herpes,Northfield,,US,44.4583,-93.1616
The Spread of Respiratory Syncytial Virus in Monroe has been Confirmed,Monroe,,US,32.50931,-92.1193
How to Avoid Hepatitis B in Trenton,Trenton,,US,40.21705,-74.74294
Zika Reported in Ilopango,Ilopango,,SV,13.70167,-89.10944
Barstow Patient in Critical Condition after Contracting Herpes,Barstow,,US,34.89859,-117.02282
Hepatitis D Exposure in Aswan,Aswan,,EG,24.09082,32.89942
Will Gonorrhea vaccine help East Moline?,Moline,,US,41.5067,-90.51513
New medicine wipes out Influenza in Redlands,Redlands,,US,34.05557,-117.18254
How to Avoid Contaminated Meat when Visiting Basel,Basel,,CH,47.55839,7.57327
More Zika patients reported in Kampong Speu,Kampong Speu,,KH,11.45332,104.52085
Alameda Residents Recieve Rabies vaccine,Alameda,,US,37.77099,-122.26087
Mad Cow Disease Detected in Lyon,Lyon,,FR,45.74846,4.84671
Memphis Encounters Severe Symptoms of Swine Flu,Memphis,,US,35.14953,-90.04898
Zika Troubles come to Delray Beach,Delray Beach,,US,26.46146,-80.07282
How to Avoid Chikungunya in Hampton,Hampton,,US,37.02987,-76.34522
Zika Reported in Sao Jose,Sao Jose,,BR,-28.21171,-49.1632
Case of Norovirus Reported in Stratford,Stratford,,US,41.18454,-73.13317
How to Avoid Hepatitis E in South Bend,Bend,,US,44.05817,-121.31531
Hepatitis C Outbreak in Bethlehem,Bethlehem,,ZA,-28.23078,28.30707
Davenport is infested with Dengue,Davenport,,US,41.52364,-90.57764
Rumors about Swine Flu spreading in Suzhou have been refuted,Suzhou,,CN,31.30408,120.59538
Malaria Vaccine is now Required in Elyria,Elyria,,US,41.36838,-82.10765
Case of Swine Flu Reported in Tbilisi,Tbilisi,,GE,41.69411,44.83368
Influenza Keeps Spreading in Suffolk,Suffolk,,US,36.72836,-76.58496
More people in Allentown are infected with Chlamydia every year,Allentown,,US,40.60843,-75.49018
Mad Cow Disease re-emerges in Bedford,Bedford,,GB,52.13459,-0.46632
Authorities are Worried about the Spread of Hepatitis B in Yiwu,Yiwu,,CN,29.31506,120.07676
Zika Outbreak in Yurimaguas,Yurimaguas,,PE,-5.90181,-76.12234
Dengue Outbreak in Easton,Easton,,US,40.68843,-75.22073
Varicella has Arrived in Milton,Milton,,CA,43.51681,-79.88294
New medicine wipes out Meningitis in Sevilla,Sevilla,,ES,37.38283,-5.97317
Authorities are Worried about the Spread of Varicella in Clovis,Clovis,,US,36.82523,-119.70292
More Zika patients reported in Fort Worth,Fort Worth,,US,32.72541,-97.32085
Zika symptoms spotted in Boynton Beach,Boynton Beach,,US,26.52535,-80.06643
Outbreak of Zika in Portoviejo,Portoviejo,,EC,-1.05458,-80.45445
Influenza Exposure in Muscat,Muscat,,OM,23.58413,58.40778
Rumors about Rabies spreading in Jerusalem have been refuted,Jerusalem,,IL,31.76904,35.21633
More Zika patients reported in Indang,Indang,,PH,14.19528,120.87694
Suva authorities confirmed the spread of Rotavirus,Suva,,FJ,-18.13683,178.42531
More Zika patients reported in Bella Vista,Vista,,US,33.20004,-117.24254
Zika Outbreak in Wichita Falls,Wichita Falls,,US,33.91371,-98.49339
